Fecha,Año,Trimestre,Apertura,Maximo,Minimo,Cierre,Volumen_M,Tendencia,Volumen_Alto,Ganancia_Dia
2020-01-15,2020,Q1,98.91,99.58,96.84,98.28,38.34,Lateral,False,False
2020-01-29,2020,Q1,99.26,100.2,95.93,98.39,77.78,Lateral,True,False
2020-02-12,2020,Q1,100.73,104.68,100.22,102.43,77.6,Alcista,True,True
2020-02-27,2020,Q1,111.43,113.54,108.85,110.85,71.29,Lateral,False,False
2020-03-12,2020,Q1,111.21,112.69,109.51,110.48,75.52,Lateral,True,False
2020-03-27,2020,Q1,108.31,111.72,107.6,110.1,63.42,Alcista,False,True
2020-04-10,2020,Q2,123.46,126.24,117.41,118.8,40.14,Bajista,False,False
2020-04-24,2020,Q2,124.62,125.53,122.98,123.44,47.66,Lateral,False,False
2020-05-09,2020,Q2,118.91,123.94,117.96,121.89,34.53,Alcista,False,True
2020-05-23,2020,Q2,127.04,128.34,125.1,125.4,92.68,Bajista,True,False
2020-06-07,2020,Q2,121.45,125.17,117.99,123.89,66.67,Alcista,False,True
2020-06-21,2020,Q2,124.33,126.93,120.82,122.36,52.07,Bajista,False,False
2020-07-05,2020,Q3,127.27,129.6,123.57,124.37,56.96,Bajista,False,False
2020-07-20,2020,Q3,113.55,117.91,111.84,115.6,95.78,Alcista,True,True
2020-08-03,2020,Q3,110.19,113.0,106.39,107.78,32.27,Bajista,False,False
2020-08-18,2020,Q3,106.79,108.31,104.48,105.76,66.9,Lateral,False,False
2020-09-01,2020,Q3,103.56,105.74,99.39,101.5,60.47,Bajista,False,False
2020-09-15,2020,Q3,108.61,109.8,101.61,103.87,68.92,Bajista,False,False
2020-09-30,2020,Q3,99.52,101.95,98.55,100.13,21.45,Lateral,False,True
2020-10-14,2020,Q4,91.99,95.24,91.07,93.87,89.77,Alcista,True,True
2020-10-29,2020,Q4,99.78,103.6,98.56,102.0,94.57,Alcista,True,True
2020-11-12,2020,Q4,99.63,103.77,98.83,101.67,65.21,Alcista,False,True
2020-11-26,2020,Q4,102.62,103.49,102.6,102.81,75.73,Lateral,True,True
2020-12-11,2020,Q4,97.33,100.92,93.61,96.48,93.8,Lateral,True,False
2020-12-25,2020,Q4,95.25,95.74,91.42,94.56,76.58,Lateral,True,False
2021-01-09,2021,Q1,97.99,98.28,94.67,95.92,32.2,Bajista,False,False
2021-01-23,2021,Q1,90.99,93.65,88.88,90.96,66.1,Lateral,False,False
2021-02-06,2021,Q1,97.27,99.56,91.83,93.64,68.54,Bajista,False,False
2021-02-21,2021,Q1,90.78,93.56,86.2,91.44,53.93,Lateral,False,True
2021-03-07,2021,Q1,97.58,99.71,88.16,90.78,78.92,Bajista,True,False
2021-03-22,2021,Q1,90.13,91.62,87.2,88.57,94.75,Bajista,True,False
2021-04-05,2021,Q2,96.49,99.23,95.95,98.63,94.05,Alcista,True,True
2021-04-19,2021,Q2,96.68,100.94,96.57,99.36,56.07,Alcista,False,True
2021-05-04,2021,Q2,96.08,96.9,93.17,94.87,29.06,Bajista,False,False
2021-05-18,2021,Q2,99.23,102.27,98.49,99.79,98.79,Lateral,True,True
2021-06-02,2021,Q2,96.27,97.62,94.4,94.48,87.11,Bajista,True,False
2021-06-16,2021,Q2,97.51,98.18,95.48,96.33,29.97,Bajista,False,False
2021-06-30,2021,Q2,87.15,88.51,86.73,87.33,93.67,Lateral,True,True
2021-07-15,2021,Q3,79.37,83.4,76.18,81.49,89.59,Alcista,True,True
2021-07-29,2021,Q3,79.48,84.21,77.1,83.27,61.51,Alcista,False,True
2021-08-13,2021,Q3,86.64,88.44,85.15,87.76,67.3,Alcista,False,True
2021-08-27,2021,Q3,91.56,93.3,86.44,89.42,51.92,Bajista,False,False
2021-09-10,2021,Q3,90.18,91.92,88.06,89.64,24.38,Lateral,False,False
2021-09-25,2021,Q3,85.83,89.93,85.19,88.94,46.82,Alcista,False,True
2021-10-09,2021,Q4,82.78,83.81,79.33,82.35,84.23,Lateral,True,False
2021-10-24,2021,Q4,80.51,82.24,77.51,79.55,20.37,Bajista,False,False
2021-11-07,2021,Q4,75.83,78.09,75.37,78.04,46.68,Alcista,False,True
2021-11-21,2021,Q4,84.51,84.6,82.82,84.13,51.85,Lateral,False,False
2021-12-06,2021,Q4,86.8,87.58,86.03,86.65,62.99,Lateral,False,False
2021-12-20,2021,Q4,75.77,79.92,75.65,78.63,93.59,Alcista,True,True
2022-01-04,2022,Q1,81.94,83.75,78.62,81.05,47.71,Bajista,False,False
2022-01-18,2022,Q1,81.33,84.31,76.52,79.93,47.76,Bajista,False,False
2022-02-01,2022,Q1,80.05,82.41,77.24,77.34,79.0,Bajista,True,False
2022-02-16,2022,Q1,83.83,85.17,79.14,81.2,56.18,Bajista,False,False
2022-03-02,2022,Q1,83.72,88.64,82.87,87.16,37.97,Alcista,False,True
2022-03-17,2022,Q1,90.27,93.11,89.26,92.61,56.2,Alcista,False,True
2022-03-31,2022,Q1,90.51,91.99,88.31,89.22,31.27,Bajista,False,False
2022-04-14,2022,Q2,89.75,90.96,87.83,88.47,34.11,Bajista,False,False
2022-04-29,2022,Q2,92.22,94.04,89.38,90.93,59.87,Bajista,False,False
2022-05-13,2022,Q2,106.23,106.9,95.93,96.6,53.51,Bajista,False,False
2022-05-28,2022,Q2,96.44,98.46,93.24,95.01,93.19,Bajista,True,False
2022-06-11,2022,Q2,97.72,100.75,93.43,94.88,48.99,Bajista,False,False
2022-06-25,2022,Q2,92.54,93.93,88.89,90.15,66.45,Bajista,False,False
2022-07-10,2022,Q3,86.6,88.5,84.38,84.97,70.58,Bajista,False,False
2022-07-24,2022,Q3,89.04,92.02,88.12,89.83,21.05,Lateral,False,True
2022-08-08,2022,Q3,99.31,100.41,95.15,97.41,73.08,Bajista,False,False
2022-08-22,2022,Q3,95.92,99.57,93.92,97.85,34.24,Alcista,False,True
2022-09-05,2022,Q3,103.08,105.18,102.56,103.67,96.89,Lateral,True,True
2022-09-20,2022,Q3,105.07,107.88,103.47,106.28,31.89,Alcista,False,True
2022-10-04,2022,Q4,104.05,104.78,101.6,103.85,53.17,Lateral,False,False
2022-10-19,2022,Q4,112.25,113.77,106.29,106.46,26.83,Bajista,False,False
2022-11-02,2022,Q4,110.28,116.95,108.24,114.95,99.75,Alcista,True,True
2022-11-16,2022,Q4,117.29,120.24,114.73,115.57,60.18,Bajista,False,False
2022-12-01,2022,Q4,120.16,126.65,118.09,124.19,67.63,Alcista,False,True
2022-12-15,2022,Q4,110.71,115.54,109.97,111.89,25.37,Alcista,False,True
2022-12-30,2022,Q4,119.52,120.25,116.5,116.8,80.0,Bajista,True,False
2023-01-13,2023,Q1,118.2,120.57,117.91,118.04,36.79,Lateral,False,False
2023-01-28,2023,Q1,114.65,119.02,113.1,117.34,91.84,Alcista,True,True
2023-02-11,2023,Q1,116.81,122.29,115.05,118.6,36.41,Alcista,False,True
2023-02-25,2023,Q1,111.16,111.85,108.86,109.46,35.26,Bajista,False,False
2023-03-12,2023,Q1,107.34,109.83,105.2,109.17,22.92,Alcista,False,True
2023-03-26,2023,Q1,112.29,113.19,111.59,111.75,57.77,Lateral,False,False
2023-04-10,2023,Q2,120.05,120.67,118.51,119.94,65.19,Lateral,False,False
2023-04-24,2023,Q2,116.52,119.12,116.23,118.15,25.26,Alcista,False,True
2023-05-08,2023,Q2,120.27,121.01,114.06,114.91,82.04,Bajista,True,False
2023-05-23,2023,Q2,114.78,116.43,111.65,113.2,56.26,Bajista,False,False
2023-06-06,2023,Q2,113.52,120.42,112.88,118.58,61.95,Alcista,False,True
2023-06-21,2023,Q2,121.49,124.87,119.9,121.02,55.26,Lateral,False,False
2023-07-05,2023,Q3,117.52,121.62,115.01,119.17,52.06,Alcista,False,True
2023-07-19,2023,Q3,124.67,125.59,121.62,122.54,64.77,Bajista,False,False
2023-08-03,2023,Q3,121.84,124.42,119.5,123.82,32.42,Alcista,False,True
2023-08-17,2023,Q3,129.17,131.45,128.8,129.46,34.55,Lateral,False,True
2023-09-01,2023,Q3,128.01,128.19,124.72,126.75,88.94,Lateral,True,False
2023-09-15,2023,Q3,128.08,131.41,122.98,125.92,95.69,Bajista,True,False
2023-09-29,2023,Q3,121.76,127.44,120.79,124.76,49.86,Alcista,False,True
2023-10-14,2023,Q4,117.4,119.27,116.7,118.24,41.66,Lateral,False,True
2023-10-28,2023,Q4,119.33,120.73,117.25,120.52,71.52,Lateral,False,True
2023-11-12,2023,Q4,120.99,125.47,119.69,122.62,52.7,Alcista,False,True
2023-11-26,2023,Q4,127.86,129.25,121.58,123.45,22.03,Bajista,False,False
2023-12-10,2023,Q4,124.09,126.83,122.18,123.08,32.49,Lateral,False,False
2023-12-25,2023,Q4,113.65,116.89,112.06,116.8,77.28,Alcista,True,True
2024-01-08,2024,Q1,117.79,118.69,114.16,115.5,72.71,Bajista,False,False
2024-01-23,2024,Q1,119.89,121.4,111.91,114.58,22.17,Bajista,False,False
2024-02-06,2024,Q1,113.95,115.5,109.62,111.37,37.76,Bajista,False,False
2024-02-20,2024,Q1,107.57,112.42,105.73,111.37,38.49,Alcista,False,True
2024-03-06,2024,Q1,112.98,116.31,111.89,114.19,73.75,Alcista,False,True
2024-03-20,2024,Q1,127.59,128.02,123.41,124.42,21.58,Bajista,False,False
2024-04-04,2024,Q2,124.32,127.45,123.25,126.09,28.33,Alcista,False,True
2024-04-18,2024,Q2,129.29,130.91,126.29,128.18,83.99,Lateral,True,False
2024-05-02,2024,Q2,130.54,132.55,127.52,128.6,34.28,Bajista,False,False
2024-05-17,2024,Q2,117.49,122.02,115.7,119.81,72.22,Alcista,False,True
2024-05-31,2024,Q2,120.33,120.86,116.75,120.48,39.05,Lateral,False,True
2024-06-15,2024,Q2,113.48,121.61,111.11,121.58,27.96,Alcista,False,True
2024-06-29,2024,Q2,132.14,137.48,130.97,134.7,39.45,Alcista,False,True
2024-07-13,2024,Q3,133.9,136.36,131.2,134.53,77.78,Lateral,True,True
2024-07-28,2024,Q3,133.72,137.59,132.63,136.84,88.46,Alcista,True,True
2024-08-11,2024,Q3,141.55,144.6,136.93,137.47,86.42,Bajista,True,False
2024-08-26,2024,Q3,128.84,134.04,128.35,132.42,51.77,Alcista,False,True
2024-09-09,2024,Q3,137.84,141.62,137.47,138.94,73.45,Lateral,False,True
2024-09-23,2024,Q3,143.83,145.4,142.35,143.5,36.4,Lateral,False,False
2024-10-08,2024,Q4,151.85,155.41,146.73,148.25,43.45,Bajista,False,False
2024-10-22,2024,Q4,140.92,147.77,137.74,144.51,91.71,Alcista,True,True
2024-11-06,2024,Q4,155.23,156.48,150.49,152.32,21.04,Bajista,False,False
2024-11-20,2024,Q4,146.14,148.61,144.83,146.11,26.84,Lateral,False,False
2024-12-04,2024,Q4,147.4,152.0,145.07,149.85,36.63,Alcista,False,True
2024-12-19,2024,Q4,162.76,165.63,160.89,161.6,22.12,Lateral,False,False
2025-01-02,2025,Q1,157.95,158.49,155.71,157.45,34.51,Lateral,False,False
2025-01-17,2025,Q1,153.91,157.6,151.64,155.41,66.64,Lateral,False,True
2025-01-31,2025,Q1,156.88,159.44,156.69,156.71,53.71,Lateral,False,False
2025-02-14,2025,Q1,154.03,155.25,151.39,154.99,91.41,Lateral,True,True
2025-03-01,2025,Q1,148.32,148.64,146.2,148.04,85.4,Lateral,True,False
2025-03-15,2025,Q1,150.84,151.38,148.1,149.18,47.35,Bajista,False,False
2025-03-30,2025,Q1,148.64,149.87,142.54,144.67,40.75,Bajista,False,False
2025-04-13,2025,Q2,144.75,150.06,140.98,147.84,50.38,Alcista,False,True
2025-04-27,2025,Q2,149.37,152.37,142.36,144.04,67.22,Bajista,False,False
2025-05-12,2025,Q2,147.71,154.16,145.96,152.59,41.45,Alcista,False,True
2025-05-26,2025,Q2,149.1,152.61,148.06,149.48,69.93,Lateral,False,True
2025-06-10,2025,Q2,150.14,150.26,148.02,148.67,52.75,Lateral,False,False
2025-06-24,2025,Q2,154.23,154.43,151.2,153.53,64.16,Lateral,False,False
2025-07-08,2025,Q3,146.62,149.62,145.98,148.18,54.89,Alcista,False,True
2025-07-23,2025,Q3,149.6,152.0,148.03,150.12,43.56,Lateral,False,True
2025-08-06,2025,Q3,156.22,158.92,155.2,157.45,95.88,Lateral,True,True
2025-08-21,2025,Q3,148.75,150.79,146.77,150.22,81.09,Lateral,True,True
2025-09-04,2025,Q3,154.06,155.47,150.11,151.94,31.21,Bajista,False,False
2025-09-18,2025,Q3,154.93,155.13,151.5,154.04,89.48,Lateral,True,False
2025-10-03,2025,Q4,157.02,160.92,156.03,158.75,58.99,Alcista,False,True
2025-10-17,2025,Q4,155.61,157.48,152.13,153.36,91.56,Bajista,True,False
2025-11-01,2025,Q4,148.33,148.89,147.04,147.56,83.99,Lateral,True,False
2025-11-15,2025,Q4,153.0,153.99,149.91,150.97,54.02,Bajista,False,False
2025-11-30,2025,Q4,154.82,155.26,151.37,153.25,21.8,Bajista,False,False
